"0","as.factor(bankdata$""銀行"")"
"1","   [1]"
"1"," 第一銀行"
"1"," 第一銀行"
"1"," 第一銀行"
"1"," 第一銀行"
"1"," 第一銀行"
"1"," 第一銀行"
"1"," 第一銀行"
"1"," 第一銀行"
"1"," 第一銀行"
"1","
"
"1","  [10]"
"1"," 第一銀行"
"1"," 第一銀行"
"1"," 第一銀行"
"1"," 第一銀行"
"1"," 第一銀行"
"1"," 第一銀行"
"1"," 第一銀行"
"1"," 第一銀行"
"1"," 第一銀行"
"1","
"
"1","  [19]"
"1"," 第一銀行"
"1"," 第一銀行"
"1"," 第一銀行"
"1"," 第一銀行"
"1"," 第一銀行"
"1"," 第一銀行"
"1"," 第一銀行"
"1"," 第一銀行"
"1"," 第一銀行"
"1","
"
"1","  [28]"
"1"," 第一銀行"
"1"," 第一銀行"
"1"," 第一銀行"
"1"," 第一銀行"
"1"," 第一銀行"
"1"," 第一銀行"
"1"," 第一銀行"
"1"," 第一銀行"
"1"," 第一銀行"
"1","
"
"1","  [37]"
"1"," 第一銀行"
"1"," 第一銀行"
"1"," 第一銀行"
"1"," 第一銀行"
"1"," 第一銀行"
"1"," 第一銀行"
"1"," 第一銀行"
"1"," 第一銀行"
"1"," 第一銀行"
"1","
"
"1","  [46]"
"1"," 第一銀行"
"1"," 第一銀行"
"1"," 第一銀行"
"1"," 第一銀行"
"1"," 第一銀行"
"1"," 第一銀行"
"1"," 第一銀行"
"1"," 第一銀行"
"1"," 第一銀行"
"1","
"
"1","  [55]"
"1"," 第一銀行"
"1"," 第一銀行"
"1"," 第一銀行"
"1"," 第一銀行"
"1"," 第一銀行"
"1"," 第一銀行"
"1"," 第一銀行"
"1"," 第一銀行"
"1"," 第一銀行"
"1","
"
"1","  [64]"
"1"," 第一銀行"
"1"," 第一銀行"
"1"," 第一銀行"
"1"," 第一銀行"
"1"," 第一銀行"
"1"," 第一銀行"
"1"," 第一銀行"
"1"," 第一銀行"
"1"," 第一銀行"
"1","
"
"1","  [73]"
"1"," 第一銀行"
"1"," 第一銀行"
"1"," 第一銀行"
"1"," 第一銀行"
"1"," 第一銀行"
"1"," 第一銀行"
"1"," 第一銀行"
"1"," 第一銀行"
"1"," 第一銀行"
"1","
"
"1","  [82]"
"1"," 第一銀行"
"1"," 第一銀行"
"1"," 第一銀行"
"1"," 第一銀行"
"1"," 第一銀行"
"1"," 第一銀行"
"1"," 第一銀行"
"1"," 第一銀行"
"1"," 第一銀行"
"1","
"
"1","  [91]"
"1"," 第一銀行"
"1"," 第一銀行"
"1"," 第一銀行"
"1"," 第一銀行"
"1"," 第一銀行"
"1"," 第一銀行"
"1"," 第一銀行"
"1"," 第一銀行"
"1"," 第一銀行"
"1","
"
"1"," [100]"
"1"," 第一銀行"
"1"," 第一銀行"
"1"," 第一銀行"
"1"," 第一銀行"
"1"," 第一銀行"
"1"," 第一銀行"
"1"," 第一銀行"
"1"," 第一銀行"
"1"," 第一銀行"
"1","
"
"1"," [109]"
"1"," 第一銀行"
"1"," 第一銀行"
"1"," 第一銀行"
"1"," 第一銀行"
"1"," 第一銀行"
"1"," 第一銀行"
"1"," 第一銀行"
"1"," 第一銀行"
"1"," 第一銀行"
"1","
"
"1"," [118]"
"1"," 第一銀行"
"1"," 第一銀行"
"1"," 第一銀行"
"1"," 第一銀行"
"1"," 第一銀行"
"1"," 第一銀行"
"1"," 第一銀行"
"1"," 第一銀行"
"1"," 第一銀行"
"1","
"
"1"," [127]"
"1"," 第一銀行"
"1"," 第一銀行"
"1"," 第一銀行"
"1"," 第一銀行"
"1"," 第一銀行"
"1"," 第一銀行"
"1"," 第一銀行"
"1"," 第一銀行"
"1"," 第一銀行"
"1","
"
"1"," [136]"
"1"," 第一銀行"
"1"," 第一銀行"
"1"," 第一銀行"
"1"," 第一銀行"
"1"," 第一銀行"
"1"," 第一銀行"
"1"," 第一銀行"
"1"," 第一銀行"
"1"," 第一銀行"
"1","
"
"1"," [145]"
"1"," 第一銀行"
"1"," 第一銀行"
"1"," 第一銀行"
"1"," 第一銀行"
"1"," 第一銀行"
"1"," 第一銀行"
"1"," 第一銀行"
"1"," 第一銀行"
"1"," 第一銀行"
"1","
"
"1"," [154]"
"1"," 第一銀行"
"1"," 第一銀行"
"1"," 第一銀行"
"1"," 第一銀行"
"1"," 第一銀行"
"1"," 第一銀行"
"1"," 第一銀行"
"1"," 第一銀行"
"1"," 第一銀行"
"1","
"
"1"," [163]"
"1"," 第一銀行"
"1"," 第一銀行"
"1"," 第一銀行"
"1"," 第一銀行"
"1"," 第一銀行"
"1"," 第一銀行"
"1"," 第一銀行"
"1"," 第一銀行"
"1"," 第一銀行"
"1","
"
"1"," [172]"
"1"," 第一銀行"
"1"," 第一銀行"
"1"," 第一銀行"
"1"," 第一銀行"
"1"," 第一銀行"
"1"," 第一銀行"
"1"," 第一銀行"
"1"," 第一銀行"
"1"," 第一銀行"
"1","
"
"1"," [181]"
"1"," 第一銀行"
"1"," 第一銀行"
"1"," 第一銀行"
"1"," 第一銀行"
"1"," 第一銀行"
"1"," 第一銀行"
"1"," 第一銀行"
"1"," 第一銀行"
"1"," 第一銀行"
"1","
"
"1"," [190]"
"1"," 第一銀行"
"1"," 第一銀行"
"1"," 第一銀行"
"1"," 第一銀行"
"1"," 第一銀行"
"1"," 第一銀行"
"1"," 第一銀行"
"1"," 第一銀行"
"1"," 第一銀行"
"1","
"
"1"," [199]"
"1"," 第一銀行"
"1"," 第一銀行"
"1"," 第一銀行"
"1"," 第一銀行"
"1"," 第一銀行"
"1"," 第一銀行"
"1"," 第一銀行"
"1"," 第一銀行"
"1"," 第一銀行"
"1","
"
"1"," [208]"
"1"," 第一銀行"
"1"," 第一銀行"
"1"," 第一銀行"
"1"," 第一銀行"
"1"," 第一銀行"
"1"," 臺灣銀行"
"1"," 臺灣銀行"
"1"," 臺灣銀行"
"1"," 臺灣銀行"
"1","
"
"1"," [217]"
"1"," 臺灣銀行"
"1"," 臺灣銀行"
"1"," 臺灣銀行"
"1"," 臺灣銀行"
"1"," 臺灣銀行"
"1"," 臺灣銀行"
"1"," 臺灣銀行"
"1"," 臺灣銀行"
"1"," 臺灣銀行"
"1","
"
"1"," [226]"
"1"," 臺灣銀行"
"1"," 臺灣銀行"
"1"," 臺灣銀行"
"1"," 臺灣銀行"
"1"," 臺灣銀行"
"1"," 臺灣銀行"
"1"," 臺灣銀行"
"1"," 臺灣銀行"
"1"," 臺灣銀行"
"1","
"
"1"," [235]"
"1"," 臺灣銀行"
"1"," 臺灣銀行"
"1"," 臺灣銀行"
"1"," 臺灣銀行"
"1"," 臺灣銀行"
"1"," 臺灣銀行"
"1"," 臺灣銀行"
"1"," 臺灣銀行"
"1"," 臺灣銀行"
"1","
"
"1"," [244]"
"1"," 臺灣銀行"
"1"," 臺灣銀行"
"1"," 臺灣銀行"
"1"," 臺灣銀行"
"1"," 臺灣銀行"
"1"," 臺灣銀行"
"1"," 臺灣銀行"
"1"," 臺灣銀行"
"1"," 臺灣銀行"
"1","
"
"1"," [253]"
"1"," 臺灣銀行"
"1"," 臺灣銀行"
"1"," 臺灣銀行"
"1"," 臺灣銀行"
"1"," 臺灣銀行"
"1"," 臺灣銀行"
"1"," 臺灣銀行"
"1"," 臺灣銀行"
"1"," 臺灣銀行"
"1","
"
"1"," [262]"
"1"," 臺灣銀行"
"1"," 臺灣銀行"
"1"," 臺灣銀行"
"1"," 臺灣銀行"
"1"," 臺灣銀行"
"1"," 臺灣銀行"
"1"," 臺灣銀行"
"1"," 臺灣銀行"
"1"," 臺灣銀行"
"1","
"
"1"," [271]"
"1"," 臺灣銀行"
"1"," 臺灣銀行"
"1"," 臺灣銀行"
"1"," 臺灣銀行"
"1"," 臺灣銀行"
"1"," 臺灣銀行"
"1"," 臺灣銀行"
"1"," 臺灣銀行"
"1"," 臺灣銀行"
"1","
"
"1"," [280]"
"1"," 臺灣銀行"
"1"," 臺灣銀行"
"1"," 臺灣銀行"
"1"," 臺灣銀行"
"1"," 臺灣銀行"
"1"," 臺灣銀行"
"1"," 臺灣銀行"
"1"," 臺灣銀行"
"1"," 臺灣銀行"
"1","
"
"1"," [289]"
"1"," 臺灣銀行"
"1"," 臺灣銀行"
"1"," 臺灣銀行"
"1"," 臺灣銀行"
"1"," 臺灣銀行"
"1"," 臺灣銀行"
"1"," 臺灣銀行"
"1"," 臺灣銀行"
"1"," 臺灣銀行"
"1","
"
"1"," [298]"
"1"," 臺灣銀行"
"1"," 臺灣銀行"
"1"," 臺灣銀行"
"1"," 臺灣銀行"
"1"," 臺灣銀行"
"1"," 臺灣銀行"
"1"," 臺灣銀行"
"1"," 臺灣銀行"
"1"," 臺灣銀行"
"1","
"
"1"," [307]"
"1"," 臺灣銀行"
"1"," 臺灣銀行"
"1"," 臺灣銀行"
"1"," 臺灣銀行"
"1"," 臺灣銀行"
"1"," 臺灣銀行"
"1"," 臺灣銀行"
"1"," 臺灣銀行"
"1"," 臺灣銀行"
"1","
"
"1"," [316]"
"1"," 臺灣銀行"
"1"," 臺灣銀行"
"1"," 臺灣銀行"
"1"," 臺灣銀行"
"1"," 臺灣銀行"
"1"," 臺灣銀行"
"1"," 臺灣銀行"
"1"," 臺灣銀行"
"1"," 臺灣銀行"
"1","
"
"1"," [325]"
"1"," 臺灣銀行"
"1"," 臺灣銀行"
"1"," 臺灣銀行"
"1"," 臺灣銀行"
"1"," 臺灣銀行"
"1"," 臺灣銀行"
"1"," 臺灣銀行"
"1"," 臺灣銀行"
"1"," 臺灣銀行"
"1","
"
"1"," [334]"
"1"," 臺灣銀行"
"1"," 臺灣銀行"
"1"," 臺灣銀行"
"1"," 臺灣銀行"
"1"," 臺灣銀行"
"1"," 臺灣銀行"
"1"," 臺灣銀行"
"1"," 臺灣銀行"
"1"," 臺灣銀行"
"1","
"
"1"," [343]"
"1"," 臺灣銀行"
"1"," 臺灣銀行"
"1"," 臺灣銀行"
"1"," 臺灣銀行"
"1"," 臺灣銀行"
"1"," 臺灣銀行"
"1"," 臺灣銀行"
"1"," 臺灣銀行"
"1"," 臺灣銀行"
"1","
"
"1"," [352]"
"1"," 臺灣銀行"
"1"," 臺灣銀行"
"1"," 臺灣銀行"
"1"," 臺灣銀行"
"1"," 臺灣銀行"
"1"," 臺灣銀行"
"1"," 臺灣銀行"
"1"," 臺灣銀行"
"1"," 臺灣銀行"
"1","
"
"1"," [361]"
"1"," 臺灣銀行"
"1"," 臺灣銀行"
"1"," 臺灣銀行"
"1"," 臺灣銀行"
"1"," 臺灣銀行"
"1"," 臺灣銀行"
"1"," 臺灣銀行"
"1"," 臺灣銀行"
"1"," 臺灣銀行"
"1","
"
"1"," [370]"
"1"," 臺灣銀行"
"1"," 臺灣銀行"
"1"," 臺灣銀行"
"1"," 臺灣銀行"
"1"," 臺灣銀行"
"1"," 臺灣銀行"
"1"," 臺灣銀行"
"1"," 臺灣銀行"
"1"," 臺灣銀行"
"1","
"
"1"," [379]"
"1"," 臺灣銀行"
"1"," 臺灣銀行"
"1"," 臺灣銀行"
"1"," 臺灣銀行"
"1"," 臺灣銀行"
"1"," 臺灣銀行"
"1"," 臺灣銀行"
"1"," 臺灣銀行"
"1"," 臺灣銀行"
"1","
"
"1"," [388]"
"1"," 臺灣銀行"
"1"," 臺灣銀行"
"1"," 臺灣銀行"
"1"," 臺灣銀行"
"1"," 臺灣銀行"
"1"," 臺灣銀行"
"1"," 臺灣銀行"
"1"," 臺灣銀行"
"1"," 臺灣銀行"
"1","
"
"1"," [397]"
"1"," 臺灣銀行"
"1"," 臺灣銀行"
"1"," 臺灣銀行"
"1"," 臺灣銀行"
"1"," 臺灣銀行"
"1"," 臺灣銀行"
"1"," 臺灣銀行"
"1"," 臺灣銀行"
"1"," 臺灣銀行"
"1","
"
"1"," [406]"
"1"," 臺灣銀行"
"1"," 臺灣銀行"
"1"," 臺灣銀行"
"1"," 臺灣銀行"
"1"," 臺灣銀行"
"1"," 臺灣銀行"
"1"," 臺灣銀行"
"1"," 臺灣銀行"
"1"," 臺灣銀行"
"1","
"
"1"," [415]"
"1"," 臺灣銀行"
"1"," 臺灣銀行"
"1"," 臺灣銀行"
"1"," 臺灣銀行"
"1"," 臺灣銀行"
"1"," 臺灣銀行"
"1"," 臺灣銀行"
"1"," 臺灣銀行"
"1"," 臺灣銀行"
"1","
"
"1"," [424]"
"1"," 臺灣銀行"
"1"," 合作金庫"
"1"," 合作金庫"
"1"," 合作金庫"
"1"," 合作金庫"
"1"," 合作金庫"
"1"," 合作金庫"
"1"," 合作金庫"
"1"," 合作金庫"
"1","
"
"1"," [433]"
"1"," 合作金庫"
"1"," 合作金庫"
"1"," 合作金庫"
"1"," 合作金庫"
"1"," 合作金庫"
"1"," 合作金庫"
"1"," 合作金庫"
"1"," 合作金庫"
"1"," 合作金庫"
"1","
"
"1"," [442]"
"1"," 合作金庫"
"1"," 合作金庫"
"1"," 合作金庫"
"1"," 合作金庫"
"1"," 合作金庫"
"1"," 合作金庫"
"1"," 合作金庫"
"1"," 合作金庫"
"1"," 合作金庫"
"1","
"
"1"," [451]"
"1"," 合作金庫"
"1"," 合作金庫"
"1"," 合作金庫"
"1"," 合作金庫"
"1"," 合作金庫"
"1"," 合作金庫"
"1"," 合作金庫"
"1"," 合作金庫"
"1"," 合作金庫"
"1","
"
"1"," [460]"
"1"," 合作金庫"
"1"," 合作金庫"
"1"," 合作金庫"
"1"," 合作金庫"
"1"," 合作金庫"
"1"," 合作金庫"
"1"," 合作金庫"
"1"," 合作金庫"
"1"," 合作金庫"
"1","
"
"1"," [469]"
"1"," 合作金庫"
"1"," 合作金庫"
"1"," 合作金庫"
"1"," 合作金庫"
"1"," 合作金庫"
"1"," 合作金庫"
"1"," 合作金庫"
"1"," 合作金庫"
"1"," 合作金庫"
"1","
"
"1"," [478]"
"1"," 合作金庫"
"1"," 合作金庫"
"1"," 合作金庫"
"1"," 合作金庫"
"1"," 合作金庫"
"1"," 合作金庫"
"1"," 合作金庫"
"1"," 合作金庫"
"1"," 合作金庫"
"1","
"
"1"," [487]"
"1"," 合作金庫"
"1"," 合作金庫"
"1"," 合作金庫"
"1"," 合作金庫"
"1"," 合作金庫"
"1"," 合作金庫"
"1"," 合作金庫"
"1"," 合作金庫"
"1"," 合作金庫"
"1","
"
"1"," [496]"
"1"," 合作金庫"
"1"," 合作金庫"
"1"," 合作金庫"
"1"," 合作金庫"
"1"," 合作金庫"
"1"," 合作金庫"
"1"," 合作金庫"
"1"," 合作金庫"
"1"," 合作金庫"
"1","
"
"1"," [505]"
"1"," 合作金庫"
"1"," 合作金庫"
"1"," 合作金庫"
"1"," 合作金庫"
"1"," 合作金庫"
"1"," 合作金庫"
"1"," 合作金庫"
"1"," 合作金庫"
"1"," 合作金庫"
"1","
"
"1"," [514]"
"1"," 合作金庫"
"1"," 合作金庫"
"1"," 合作金庫"
"1"," 合作金庫"
"1"," 合作金庫"
"1"," 合作金庫"
"1"," 合作金庫"
"1"," 合作金庫"
"1"," 合作金庫"
"1","
"
"1"," [523]"
"1"," 合作金庫"
"1"," 合作金庫"
"1"," 合作金庫"
"1"," 合作金庫"
"1"," 合作金庫"
"1"," 合作金庫"
"1"," 合作金庫"
"1"," 合作金庫"
"1"," 合作金庫"
"1","
"
"1"," [532]"
"1"," 合作金庫"
"1"," 合作金庫"
"1"," 合作金庫"
"1"," 合作金庫"
"1"," 合作金庫"
"1"," 合作金庫"
"1"," 合作金庫"
"1"," 合作金庫"
"1"," 合作金庫"
"1","
"
"1"," [541]"
"1"," 合作金庫"
"1"," 合作金庫"
"1"," 合作金庫"
"1"," 合作金庫"
"1"," 合作金庫"
"1"," 合作金庫"
"1"," 合作金庫"
"1"," 合作金庫"
"1"," 合作金庫"
"1","
"
"1"," [550]"
"1"," 合作金庫"
"1"," 合作金庫"
"1"," 合作金庫"
"1"," 合作金庫"
"1"," 合作金庫"
"1"," 合作金庫"
"1"," 合作金庫"
"1"," 合作金庫"
"1"," 合作金庫"
"1","
"
"1"," [559]"
"1"," 合作金庫"
"1"," 合作金庫"
"1"," 合作金庫"
"1"," 合作金庫"
"1"," 合作金庫"
"1"," 合作金庫"
"1"," 合作金庫"
"1"," 合作金庫"
"1"," 合作金庫"
"1","
"
"1"," [568]"
"1"," 合作金庫"
"1"," 合作金庫"
"1"," 合作金庫"
"1"," 合作金庫"
"1"," 合作金庫"
"1"," 合作金庫"
"1"," 合作金庫"
"1"," 合作金庫"
"1"," 合作金庫"
"1","
"
"1"," [577]"
"1"," 合作金庫"
"1"," 合作金庫"
"1"," 合作金庫"
"1"," 合作金庫"
"1"," 合作金庫"
"1"," 合作金庫"
"1"," 合作金庫"
"1"," 合作金庫"
"1"," 合作金庫"
"1","
"
"1"," [586]"
"1"," 合作金庫"
"1"," 合作金庫"
"1"," 合作金庫"
"1"," 合作金庫"
"1"," 合作金庫"
"1"," 合作金庫"
"1"," 合作金庫"
"1"," 合作金庫"
"1"," 合作金庫"
"1","
"
"1"," [595]"
"1"," 合作金庫"
"1"," 合作金庫"
"1"," 合作金庫"
"1"," 合作金庫"
"1"," 合作金庫"
"1"," 合作金庫"
"1"," 合作金庫"
"1"," 合作金庫"
"1"," 合作金庫"
"1","
"
"1"," [604]"
"1"," 合作金庫"
"1"," 合作金庫"
"1"," 合作金庫"
"1"," 合作金庫"
"1"," 合作金庫"
"1"," 合作金庫"
"1"," 合作金庫"
"1"," 合作金庫"
"1"," 合作金庫"
"1","
"
"1"," [613]"
"1"," 合作金庫"
"1"," 合作金庫"
"1"," 合作金庫"
"1"," 合作金庫"
"1"," 合作金庫"
"1"," 合作金庫"
"1"," 合作金庫"
"1"," 合作金庫"
"1"," 合作金庫"
"1","
"
"1"," [622]"
"1"," 合作金庫"
"1"," 合作金庫"
"1"," 合作金庫"
"1"," 合作金庫"
"1"," 合作金庫"
"1"," 合作金庫"
"1"," 合作金庫"
"1"," 合作金庫"
"1"," 合作金庫"
"1","
"
"1"," [631]"
"1"," 合作金庫"
"1"," 合作金庫"
"1"," 合作金庫"
"1"," 合作金庫"
"1"," 合作金庫"
"1"," 合作金庫"
"1"," 土地銀行"
"1"," 土地銀行"
"1"," 土地銀行"
"1","
"
"1"," [640]"
"1"," 土地銀行"
"1"," 土地銀行"
"1"," 土地銀行"
"1"," 土地銀行"
"1"," 土地銀行"
"1"," 土地銀行"
"1"," 土地銀行"
"1"," 土地銀行"
"1"," 土地銀行"
"1","
"
"1"," [649]"
"1"," 土地銀行"
"1"," 土地銀行"
"1"," 土地銀行"
"1"," 土地銀行"
"1"," 土地銀行"
"1"," 土地銀行"
"1"," 土地銀行"
"1"," 土地銀行"
"1"," 土地銀行"
"1","
"
"1"," [658]"
"1"," 土地銀行"
"1"," 土地銀行"
"1"," 土地銀行"
"1"," 土地銀行"
"1"," 土地銀行"
"1"," 土地銀行"
"1"," 土地銀行"
"1"," 土地銀行"
"1"," 土地銀行"
"1","
"
"1"," [667]"
"1"," 土地銀行"
"1"," 土地銀行"
"1"," 土地銀行"
"1"," 土地銀行"
"1"," 土地銀行"
"1"," 土地銀行"
"1"," 土地銀行"
"1"," 土地銀行"
"1"," 土地銀行"
"1","
"
"1"," [676]"
"1"," 土地銀行"
"1"," 土地銀行"
"1"," 土地銀行"
"1"," 土地銀行"
"1"," 土地銀行"
"1"," 土地銀行"
"1"," 土地銀行"
"1"," 土地銀行"
"1"," 土地銀行"
"1","
"
"1"," [685]"
"1"," 土地銀行"
"1"," 土地銀行"
"1"," 土地銀行"
"1"," 土地銀行"
"1"," 土地銀行"
"1"," 土地銀行"
"1"," 土地銀行"
"1"," 土地銀行"
"1"," 土地銀行"
"1","
"
"1"," [694]"
"1"," 土地銀行"
"1"," 土地銀行"
"1"," 土地銀行"
"1"," 土地銀行"
"1"," 土地銀行"
"1"," 土地銀行"
"1"," 土地銀行"
"1"," 土地銀行"
"1"," 土地銀行"
"1","
"
"1"," [703]"
"1"," 土地銀行"
"1"," 土地銀行"
"1"," 土地銀行"
"1"," 土地銀行"
"1"," 土地銀行"
"1"," 土地銀行"
"1"," 土地銀行"
"1"," 土地銀行"
"1"," 土地銀行"
"1","
"
"1"," [712]"
"1"," 土地銀行"
"1"," 土地銀行"
"1"," 土地銀行"
"1"," 土地銀行"
"1"," 土地銀行"
"1"," 土地銀行"
"1"," 土地銀行"
"1"," 土地銀行"
"1"," 土地銀行"
"1","
"
"1"," [721]"
"1"," 土地銀行"
"1"," 土地銀行"
"1"," 土地銀行"
"1"," 土地銀行"
"1"," 土地銀行"
"1"," 土地銀行"
"1"," 土地銀行"
"1"," 土地銀行"
"1"," 土地銀行"
"1","
"
"1"," [730]"
"1"," 土地銀行"
"1"," 土地銀行"
"1"," 土地銀行"
"1"," 土地銀行"
"1"," 土地銀行"
"1"," 土地銀行"
"1"," 土地銀行"
"1"," 土地銀行"
"1"," 土地銀行"
"1","
"
"1"," [739]"
"1"," 土地銀行"
"1"," 土地銀行"
"1"," 土地銀行"
"1"," 土地銀行"
"1"," 土地銀行"
"1"," 土地銀行"
"1"," 土地銀行"
"1"," 土地銀行"
"1"," 土地銀行"
"1","
"
"1"," [748]"
"1"," 土地銀行"
"1"," 土地銀行"
"1"," 土地銀行"
"1"," 土地銀行"
"1"," 土地銀行"
"1"," 土地銀行"
"1"," 土地銀行"
"1"," 彰化銀行"
"1"," 彰化銀行"
"1","
"
"1"," [757]"
"1"," 彰化銀行"
"1"," 彰化銀行"
"1"," 彰化銀行"
"1"," 彰化銀行"
"1"," 彰化銀行"
"1"," 彰化銀行"
"1"," 彰化銀行"
"1"," 彰化銀行"
"1"," 彰化銀行"
"1","
"
"1"," [766]"
"1"," 彰化銀行"
"1"," 彰化銀行"
"1"," 彰化銀行"
"1"," 彰化銀行"
"1"," 彰化銀行"
"1"," 彰化銀行"
"1"," 彰化銀行"
"1"," 彰化銀行"
"1"," 彰化銀行"
"1","
"
"1"," [775]"
"1"," 彰化銀行"
"1"," 彰化銀行"
"1"," 彰化銀行"
"1"," 彰化銀行"
"1"," 彰化銀行"
"1"," 彰化銀行"
"1"," 彰化銀行"
"1"," 彰化銀行"
"1"," 彰化銀行"
"1","
"
"1"," [784]"
"1"," 彰化銀行"
"1"," 彰化銀行"
"1"," 彰化銀行"
"1"," 彰化銀行"
"1"," 彰化銀行"
"1"," 彰化銀行"
"1"," 彰化銀行"
"1"," 彰化銀行"
"1"," 彰化銀行"
"1","
"
"1"," [793]"
"1"," 彰化銀行"
"1"," 彰化銀行"
"1"," 彰化銀行"
"1"," 彰化銀行"
"1"," 彰化銀行"
"1"," 彰化銀行"
"1"," 彰化銀行"
"1"," 彰化銀行"
"1"," 彰化銀行"
"1","
"
"1"," [802]"
"1"," 彰化銀行"
"1"," 彰化銀行"
"1"," 彰化銀行"
"1"," 彰化銀行"
"1"," 彰化銀行"
"1"," 彰化銀行"
"1"," 彰化銀行"
"1"," 彰化銀行"
"1"," 彰化銀行"
"1","
"
"1"," [811]"
"1"," 彰化銀行"
"1"," 彰化銀行"
"1"," 彰化銀行"
"1"," 彰化銀行"
"1"," 彰化銀行"
"1"," 彰化銀行"
"1"," 彰化銀行"
"1"," 彰化銀行"
"1"," 彰化銀行"
"1","
"
"1"," [820]"
"1"," 彰化銀行"
"1"," 彰化銀行"
"1"," 彰化銀行"
"1"," 彰化銀行"
"1"," 彰化銀行"
"1"," 彰化銀行"
"1"," 彰化銀行"
"1"," 彰化銀行"
"1"," 彰化銀行"
"1","
"
"1"," [829]"
"1"," 彰化銀行"
"1"," 彰化銀行"
"1"," 彰化銀行"
"1"," 彰化銀行"
"1"," 彰化銀行"
"1"," 彰化銀行"
"1"," 彰化銀行"
"1"," 彰化銀行"
"1"," 彰化銀行"
"1","
"
"1"," [838]"
"1"," 彰化銀行"
"1"," 彰化銀行"
"1"," 彰化銀行"
"1"," 彰化銀行"
"1"," 彰化銀行"
"1"," 彰化銀行"
"1"," 彰化銀行"
"1"," 彰化銀行"
"1"," 彰化銀行"
"1","
"
"1"," [847]"
"1"," 彰化銀行"
"1"," 彰化銀行"
"1"," 彰化銀行"
"1"," 華南銀行"
"1"," 華南銀行"
"1"," 華南銀行"
"1"," 華南銀行"
"1"," 華南銀行"
"1"," 華南銀行"
"1","
"
"1"," [856]"
"1"," 華南銀行"
"1"," 華南銀行"
"1"," 華南銀行"
"1"," 華南銀行"
"1"," 華南銀行"
"1"," 華南銀行"
"1"," 華南銀行"
"1"," 華南銀行"
"1"," 華南銀行"
"1","
"
"1"," [865]"
"1"," 華南銀行"
"1"," 華南銀行"
"1"," 華南銀行"
"1"," 華南銀行"
"1"," 華南銀行"
"1"," 華南銀行"
"1"," 華南銀行"
"1"," 華南銀行"
"1"," 華南銀行"
"1","
"
"1"," [874]"
"1"," 華南銀行"
"1"," 華南銀行"
"1"," 華南銀行"
"1"," 華南銀行"
"1"," 華南銀行"
"1"," 華南銀行"
"1"," 華南銀行"
"1"," 華南銀行"
"1"," 華南銀行"
"1","
"
"1"," [883]"
"1"," 華南銀行"
"1"," 華南銀行"
"1"," 華南銀行"
"1"," 華南銀行"
"1"," 華南銀行"
"1"," 華南銀行"
"1"," 華南銀行"
"1"," 華南銀行"
"1"," 華南銀行"
"1","
"
"1"," [892]"
"1"," 華南銀行"
"1"," 華南銀行"
"1"," 華南銀行"
"1"," 華南銀行"
"1"," 華南銀行"
"1"," 華南銀行"
"1"," 華南銀行"
"1"," 華南銀行"
"1"," 華南銀行"
"1","
"
"1"," [901]"
"1"," 華南銀行"
"1"," 華南銀行"
"1"," 華南銀行"
"1"," 華南銀行"
"1"," 華南銀行"
"1"," 華南銀行"
"1"," 華南銀行"
"1"," 華南銀行"
"1"," 華南銀行"
"1","
"
"1"," [910]"
"1"," 華南銀行"
"1"," 華南銀行"
"1"," 華南銀行"
"1"," 華南銀行"
"1"," 華南銀行"
"1"," 華南銀行"
"1"," 華南銀行"
"1"," 華南銀行"
"1"," 華南銀行"
"1","
"
"1"," [919]"
"1"," 華南銀行"
"1"," 華南銀行"
"1"," 華南銀行"
"1"," 華南銀行"
"1"," 華南銀行"
"1"," 華南銀行"
"1"," 華南銀行"
"1"," 華南銀行"
"1"," 華南銀行"
"1","
"
"1"," [928]"
"1"," 華南銀行"
"1"," 華南銀行"
"1"," 華南銀行"
"1"," 華南銀行"
"1"," 華南銀行"
"1"," 華南銀行"
"1"," 華南銀行"
"1"," 華南銀行"
"1"," 華南銀行"
"1","
"
"1"," [937]"
"1"," 華南銀行"
"1"," 華南銀行"
"1"," 華南銀行"
"1"," 華南銀行"
"1"," 華南銀行"
"1"," 華南銀行"
"1"," 華南銀行"
"1"," 華南銀行"
"1"," 華南銀行"
"1","
"
"1"," [946]"
"1"," 華南銀行"
"1"," 華南銀行"
"1"," 華南銀行"
"1"," 華南銀行"
"1"," 華南銀行"
"1"," 華南銀行"
"1"," 華南銀行"
"1"," 華南銀行"
"1"," 華南銀行"
"1","
"
"1"," [955]"
"1"," 華南銀行"
"1"," 華南銀行"
"1"," 華南銀行"
"1"," 華南銀行"
"1"," 華南銀行"
"1"," 華南銀行"
"1"," 華南銀行"
"1"," 華南銀行"
"1"," 華南銀行"
"1","
"
"1"," [964]"
"1"," 華南銀行"
"1"," 華南銀行"
"1"," 華南銀行"
"1"," 華南銀行"
"1"," 華南銀行"
"1"," 華南銀行"
"1"," 華南銀行"
"1"," 華南銀行"
"1"," 華南銀行"
"1","
"
"1"," [973]"
"1"," 華南銀行"
"1"," 華南銀行"
"1"," 華南銀行"
"1"," 華南銀行"
"1"," 華南銀行"
"1"," 華南銀行"
"1"," 華南銀行"
"1"," 華南銀行"
"1"," 華南銀行"
"1","
"
"1"," [982]"
"1"," 華南銀行"
"1"," 華南銀行"
"1"," 華南銀行"
"1"," 華南銀行"
"1"," 華南銀行"
"1"," 華南銀行"
"1"," 華南銀行"
"1"," 華南銀行"
"1"," 華南銀行"
"1","
"
"1"," [991]"
"1"," 華南銀行"
"1"," 華南銀行"
"1"," 華南銀行"
"1"," 華南銀行"
"1"," 華南銀行"
"1"," 華南銀行"
"1"," 華南銀行"
"1"," 華南銀行"
"1"," 華南銀行"
"1","
"
"1","[1000]"
"1"," 華南銀行"
"1","
"
"1"," [ reached getOption(""max.print"") -- omitted 61 entries ]
"
"1","Levels: "
"1","土地銀行 合作金庫 第一銀行 華南銀行 彰化銀行 臺灣銀行"
"1","
"
"2","Warning message:
"
"2","In strsplit(code, ""\n"", fixed = TRUE) :"
"2","
 "
"2"," input string 1 is invalid in this locale
"
